{
    "rmse": 0.6592529331061021,
    "mae": 0.5123583189551634,
    "r2": 0.2529108738873451
}